Repository Name,Repositories URL,Number Of Stars,Number Of Forks,Number Of Issues
synapse-admin,https://github.com//Ahmed/synapse-admin,1,67,0
katacoda-scenarios,https://github.com//Ahmed/katacoda-scenarios,1,0,0
Python,https://github.com//Ahmed/Python,1,1.2k,0
de4dot,https://github.com//Ahmed/de4dot,1,2.3k,0
opensnitch,https://github.com//Ahmed/opensnitch,1,396,0
LibTech-Auditing-Cheatsheet,https://github.com//Ahmed/LibTech-Auditing-Cheatsheet,1,28,0
moment,https://github.com//Ahmed/moment,1,7.1k,0
blog,https://github.com//Ahmed/blog,1,0,0
jquery-tubular,https://github.com//Ahmed/jquery-tubular,1,0,56
OpenIBT_notes,https://github.com//Ahmed/OpenIBT_notes,1,0,0
OpenIBT,https://github.com//Ahmed/OpenIBT,1,0,0
django-block-tor,https://github.com//Ahmed/django-block-tor,2,0,0
imghdr,https://github.com//Ahmed/imghdr,1,1,0
mpld3,https://github.com//Ahmed/mpld3,1,347,0
django-jfu,https://github.com//Ahmed/django-jfu,1,73,0
nginx-selinux-policy,https://github.com//Ahmed/nginx-selinux-policy,1,0,0
MathJax,https://github.com//Ahmed/MathJax,1,1.1k,0
impress.js,https://github.com//Ahmed/impress.js,1,6.8k,0
djangobook.com,https://github.com//Ahmed/djangobook.com,1,366,0
